token,members,corpus_count,r_ev,r_fd,delta,r_wsr_l12,r_wsr_l21
until,until,129,-0.09266990066622716,0.05751363100283783,-0.15018353166906498,-0.14542655046765568,-0.01397354218401596
switched,switch|switched|switching,125,-0.0372464210398035,0.3493380522246536,-0.3865844732644571,-0.1757785248826505,-0.1638246274628989
tried,tried|Tried,112,-0.1980675764991309,0.21639014052353067,-0.41445771702266154,-0.11317461561633993,-0.08559275521549412
partner,partner|partners,109,-0.17395439671264445,0.20735389007224136,-0.3813082867848858,-0.1620670236888634,-0.12665288239794026
then,then|Then,97,-0.07686392615766037,0.10128676263252825,-0.17815068879018864,-0.13773434351665165,-0.05235486813629246
person,person,95,-0.19842102191591116,0.045694985598064876,-0.24411600751397602,-0.1298313342789625,-0.11216038595895894
strategy,strategy,88,0.035931463267966125,-0.04022575573391331,0.07615721900187944,0.12051166535709143,0.057985064659039035
Yes,Yes|Yes|yes|yes,84,-0.2501056093413475,-0.19714429545693538,-0.05296131388441214,0.012348672741139695,-0.0025355954287967705
points,points,81,-0.27998011812521456,0.19396516526396174,-0.4739452833891763,-0.11133689213972589,-0.07954883079079894
negative,negative|negatives,75,0.2240327619880627,0.3536814840035525,-0.12964872201548977,-0.18313281885447458,-0.11892902860568408
same,same,73,-0.12516977445234956,0.1494193033659596,-0.27458907781830916,-0.12246878761475388,-0.07775286113725022
more,more,73,-0.241407143955964,-0.02764141885528033,-0.21376572510068367,-0.12884762787628953,-0.05481815451318806
really,really,66,-0.27337411985329335,-0.11379003472198859,-0.15958408513130476,-0.10321033587332125,-0.0552031278165079
row,row,62,0.008983568828434214,0.2908565525527546,-0.2818729837243204,-0.15320674366174802,-0.15304878313700493
changed,change|changed,56,-0.1213555434275341,0.043152161722879036,-0.16450770515041313,-0.04964448173976062,-0.04791938304985088
pattern,pattern|patterns,55,-0.09535880574445352,0.1106741292893394,-0.2060329350337929,0.06968390128594662,0.06724968055571441
stuck,stuck,55,-0.06552077609591109,0.29988918977771606,-0.3654099658736272,-0.13279638095021795,-0.12646578444955586
gave,gave,51,-0.27989444395696406,0.12795665222722657,-0.40785109618419063,-0.1210022859134961,-0.09687838413975979
deck,deck|decks,50,0.2070770628716211,0.1873929217221908,0.01968414114943029,0.011050462254171228,-0.07209102715096369
times,times,48,-0.08906665492020477,0.23827735815854656,-0.32734401307875133,-0.12254091759815533,-0.1242836766448848
got,got,46,-0.28548969892238435,0.11148414584244597,-0.39697384476483033,-0.12265050456850299,-0.10661575411102225
kept,kept,45,-0.07927864812630916,0.04887709923169721,-0.1281557473580064,-0.09105232866486243,-0.039849875648864566
find,find,43,-0.28977342745906226,0.06635905723778093,-0.3561324846968432,-0.09790581024604517,-0.07305122643859334
did,did,43,-0.33981303019260545,-0.07859381411299458,-0.26121921607961085,-0.09529352917784943,-0.0942830865173826
most,most,43,-0.3126925056939696,0.027541490593140764,-0.3402339962871104,-0.10419566105737829,-0.025710551390553345
two,two,42,-0.17270277657015465,0.28148355026686417,-0.4541863268370188,-0.19880273588473332,-0.18736301597162436
seemed,seemed,41,-0.30045085609735556,-0.10523028472576292,-0.19522057137159265,-0.07160019796248743,0.032021764418605776
another,another,39,-0.10086915258623592,0.15729746591766627,-0.2581666185039022,-0.12070804920073536,-0.09013375044352656
moved,move|moved,39,-0.2564346228413238,0.15424271828748484,-0.4106773411288086,-0.14339696691553971,-0.14294727232910082
score,score|scores,38,0.041231357412839745,0.1928067291216014,-0.15157537170876167,-0.09453254707133193,-0.056013806063649973
try,try|trying,37,-0.23405514912414152,0.13239706031943327,-0.3664522094435748,-0.11648774591072182,-0.10327840172655839
card,card|cards,37,0.014460144343317088,0.18439166920899858,-0.1699315248656815,-0.13586425536759128,-0.06831056076201725
game,game,35,-0.034771847854109715,0.1370301034090082,-0.17180195126311792,-0.10479562135230971,-0.11206610289771202
after,after,35,-0.21114935708138532,0.09513499363833733,-0.30628435071972265,-0.15960831021672,-0.06844366341447547
other,other|others,34,-0.007168957046884833,-0.10496594814106852,0.09779699109418369,0.041159066618772736,0.02836057587782019
stayed,stay|stayed,34,-0.09730024866659394,0.22760086246674083,-0.32490111113333475,-0.10840135655584948,-0.1524921531544523
went,went,34,-0.2010914877111729,0.17346103984652156,-0.37455252755769447,-0.12719173514077242,-0.10538200282763731
going,go|going,33,-0.18844067481544502,0.13606600826168289,-0.32450668307712793,-0.15023663935656553,-0.13639464758182346
who,who,32,-0.314884624513266,0.0554300403707033,-0.3703146648839693,-0.1768519207393231,-0.057411405906444835
different,different,31,-0.3271277513715829,0.03105368194181581,-0.3581814333133987,-0.03196771216415654,-0.009792679259982263
found,found,31,-0.26723566926103337,0.06739077038914433,-0.3346264396501777,-0.11993303735912231,-0.05226778086692514
good,good,31,-0.23555960029679182,0.061510415431678726,-0.2970700157284705,-0.15144836555583055,-0.11760682646610349
didn,didn,30,-0.26098052092936713,0.0388745207259552,-0.29985504165532234,-0.15959708974584685,-0.13537120158263072
started,started,29,-0.2157640093002189,0.16179270353097905,-0.37755671283119796,-0.16559921021523125,-0.13884998172903137
work,work|worked|working,28,-0.26060907430960156,0.049677939351607386,-0.3102870136612089,-0.08570789714846147,-0.08489292180961666
stick,stick,28,0.006880491810494479,0.28176958626644943,-0.27488909445595494,-0.1603902503525161,-0.13053096664808758
round,round|rounds,28,-0.042823982141350435,0.2650737343547479,-0.3078977164960983,-0.06673729549996908,-0.07395693345109824
next,next,27,-0.05461276971611371,0.15167065972868482,-0.20628342944479852,-0.12602556297405937,-0.07851428966514162
giving,giving,27,-0.235406455356257,0.2296942492345213,-0.46510070459077835,-0.1312876046863512,-0.08347431769830294
bad,bad,26,0.1699716277490032,0.19559659074896563,-0.02562496299996242,-0.13402504659277117,-0.15373916686520678
first,first,25,-0.2588225781372883,0.18926292090575375,-0.44808549904304207,-0.16864406367026274,-0.1527744770293258
than,than,25,-0.21063808476644896,-0.004782290077164014,-0.20585579468928494,-0.12816566225318868,-0.06885013201606388
out,out,25,-0.23688592624941152,0.27199224523484944,-0.508878171484261,-0.15451561637878328,-0.08981619961646375
clicked,click|clicked|clicking,25,-0.19485452764755054,0.2927252190302996,-0.4875797466778501,-0.10066917407543516,-0.08746997216249738
choice,choice|choices,24,-0.22420980057126705,0.10695996711370816,-0.3311697676849752,-0.05262607043008227,0.03853436034187403
back,back,24,-0.14385331383121186,0.2949027632366576,-0.43875607706786945,-0.18684099712920332,-0.1824081225247646
see,see,23,-0.2956757743580566,-0.06539558704737376,-0.23028018731068284,-0.0693974148652029,-0.03092700028551207
again,again,23,-0.10705808912903549,0.030767842734756103,-0.13782593186379158,-0.11224683570368056,-0.0327630140668692
them,them,22,-0.2363909118644728,0.1688749042665209,-0.4052658161309937,-0.10396755760999944,-0.06842939554113983
people,people,22,-0.3393210071266929,0.07700465266877354,-0.41632565979546643,-0.0570201380421109,-0.052915815059272044
best,best,21,-0.2908130458907916,0.009472695351379089,-0.30028574124217067,-0.10408866688328314,-0.03890817099064304
much,much,21,-0.2681011451842129,-0.1260699249440834,-0.1420312202401295,-0.08172635841585668,0.034024723246806735
which,which,21,-0.29376585375212483,0.06946663894493883,-0.36323249269706365,-0.038131602339678876,0.08374743020359494
positive,positive,20,0.05864437828758243,0.31728727014991776,-0.25864289186233536,-0.1392097631207558,-0.1025096080105587
any,any,20,-0.25439400573799914,-0.08677353298888557,-0.16762047274911357,-0.09416144026108683,-0.0033780570285846974
use,use|used,20,-0.31975229356956203,0.10568432927244259,-0.4254366228420046,-0.06562452452961179,-0.07053667477824317
twice,twice,19,0.011383961179291536,0.32942337082614553,-0.318039409646854,-0.1804564602353602,-0.10914165169020004
give,give,19,-0.27725413165591273,0.08678726960336292,-0.36404140125927564,-0.13314837280336092,-0.09844290264542499
think,think,19,-0.25760700788925955,0.0024827667736584402,-0.260089774662918,-0.09835860154724879,-0.0677839234684022
chose,chose,18,-0.2714763294747251,0.13268764270135303,-0.40416397217607813,-0.10814827337717893,-0.035003286964480865
choosing,choosing,18,-0.13988590603478643,0.1608659135091383,-0.3007518195439247,-0.06290448088196916,0.05161190494131496
looked,look|looked,17,-0.2909326451427974,0.12855317914505596,-0.4194858242878533,-0.09117647055424213,-0.09373624361563489
get,get,17,-0.24171209841656408,0.11805863405521697,-0.35977073247178104,-0.13758545582651574,-0.12821516482366463
Only,Only|only,16,-0.2766514375469914,-0.09492379991649187,-0.18172763763049954,-0.09307977052148073,-0.03689639284735323
someone,someone,16,-0.25086583843095844,0.13538777122670176,-0.3862536096576602,-0.12700047459045166,-0.0748548069417293
throughout,throughout,15,-0.17691382818619655,0.055878313488793366,-0.2327921416749899,-0.0036221104105633242,0.07591687208578067
pick,pick|picked,15,-0.2242862889466642,0.21283726723055024,-0.43712355617721443,-0.16088284203697192,-0.13915606924956553
each,each,15,-0.23809695662981356,0.08182855094042528,-0.31992550757023885,-0.06482863243971679,0.01187878442081456
up,up,15,-0.30192230181489976,0.2575036482015547,-0.5594259500164545,-0.1473132985358831,-0.10450985695074953
often,often,15,-0.21843567833554844,-0.1481175708397497,-0.07031810749579875,-0.10567452124464224,0.0232979499637501
once,once,14,-0.25192043959606936,0.1135754659414864,-0.36549590553755573,-0.16943226168672873,-0.13616154201261715
failed,failed,14,-0.06343060849074418,0.21248076600078059,-0.27591137449152475,-0.15951354549154867,-0.12913846084933428
last,last,14,-0.16371939515359196,0.2422649936264535,-0.4059843887800455,-0.14584031868905967,-0.19352396322994278
continued,continue|continued,14,-0.17945932324102876,0.0269286584100943,-0.20638798165112304,-0.12713003266303877,-0.05038051318934832
like,like,14,-0.2874901316334642,0.05835598482372745,-0.34584611645719165,-0.1201397078902954,-0.04034518602583036
pretty,pretty,14,-0.32058132856509575,0.1153842884556133,-0.435965617020709,-0.1084328846711195,-0.07531916772315514
keep,keep,14,-0.17153675380916095,0.027880292010025603,-0.19941704581918654,-0.12795209300887556,-0.07592958763188165
none,none|none,14,-0.23631935359176995,-0.24274910795258875,0.006429754360818801,0.02111584373299112,0.06905848013212264
before,before,13,-0.12140772462681829,0.07173116488791513,-0.1931388895147334,-0.13360649806140523,-0.05883170418781697
results,results,13,-0.0900683267936933,-0.011890276350956092,-0.0781780504427372,0.05958006276336877,-0.009272631584221595
over,over,13,-0.23699841309835018,0.22293194195757443,-0.4599303550559246,-0.11894599513986054,-0.09586075023668716
don,don,13,-0.24798011011076249,0.018179319372344967,-0.26615942948310745,-0.16487307800601464,-0.13976429533606896
getting,getting,13,-0.2663733600869341,0.18963686923424192,-0.45601022932117596,-0.09166860905083372,-0.10263794836633511
player,player,13,0.026507463122422366,0.133050920675265,-0.10654345755284264,-0.07288068536299072,-0.0935977105634397
do,do|doing,12,-0.323307514546033,0.04205863718177029,-0.3653661517278033,-0.12349356898246786,-0.10529570155251095
consistent,consistent,12,-0.07997757015703748,0.045908225605324954,-0.12588579576236242,-0.07500419189239554,-0.029152676771929176
many,many,12,-0.2976458697469406,-0.06318254921783202,-0.23446332052910857,-0.07948813575772767,0.02925578584766713
right,right,12,-0.21292367934071874,0.041309200076342,-0.25423287941706074,-0.12725097756679266,-0.0194115608540559
between,between,12,-0.323596977650111,0.1332952403449859,-0.4568922179950969,-0.06378061755540426,0.014448873262781589
guessed,guess|guessed,12,-0.17108104326716975,-0.05537999260741896,-0.11570105065975078,0.06699589854470683,0.02482349227852314
saw,saw,12,-0.28207043389333697,0.11251494504466518,-0.39458537893800216,-0.08214821926733458,-0.08548387987359522
long,long,12,-0.28136325150292385,0.18524625020164465,-0.4666095017045685,-0.15752981972641628,-0.12644364418311518
all,all,12,-0.3019427288025591,0.042945413029361904,-0.344888141831921,-0.11664445669486007,-0.03345512548372104
noticed,noticed,12,-0.26108019619479844,0.13165363875639655,-0.39273383495119496,-0.07344057651369447,-0.08631142764741612
successful,successful,12,0.2786265330751322,0.14422588798510005,0.13440064509003213,-0.010661520818332222,-0.09408488787314076
figure,figure,12,-0.2172435484602113,0.2270838386229064,-0.4443273870831177,-0.09389778532486684,-0.13289159445244997
what,what,11,-0.33817937482120475,-0.06405348755194282,-0.2741258872692619,-0.0952106970181564,0.019533333178069875
random,random,11,-0.26324031329460995,0.08008837873977923,-0.3433286920343892,-0.13934969701685462,-0.04152144610056781
well,well,11,-0.23534537713361797,0.0081053295269868,-0.24345070666060478,-0.1207562397778109,-0.08024413400140953
streak,streak|streaks,11,0.22512469036370414,0.1952759184809366,0.02984877188276755,-0.05200937135850376,-0.030252107563732932
because,because,11,-0.23037621937776936,-0.1903605712722657,-0.040015648105503676,-0.07715116505759637,0.04106471448109708
strategies,strategies,10,-0.004813750138523171,-0.0030543677991588976,-0.001759382339364273,0.10872260225661536,0.08092544388158916
wasn,wasn,10,-0.23407671929639337,0.01890015734645658,-0.25297687664284996,-0.15226672007430286,-0.13643942308323423
particular,particular,10,-0.2880699508347224,-0.12575904369874238,-0.16231090713598004,-0.08278382507825577,0.005791298466344215
became,became,10,-0.13677896306845638,0.05841444508806147,-0.19519340815651787,-0.07530181840565618,-0.029873932735603664
helpful,helpful,10,-0.32739568179145107,0.00894872362352397,-0.336344405414975,-0.0398579640003387,0.0345815294460628
turned,turned,9,-0.24116427377750904,0.15711377551654565,-0.3982780492940547,-0.1277427194267408,-0.14274159693017768
where,where,9,-0.3602576334184012,-0.04001484142666196,-0.3202427919917393,-0.10855350110676482,0.019554548565630426
every,every,9,-0.22357570700378837,0.12244451035985049,-0.34602021736363886,-0.142001942442061,-0.025911728744518685
few,few,9,-0.24819342941148329,0.21391504277090834,-0.4621084721823916,-0.1694258388045711,-0.1355479908466257
consistently,consistently,9,0.014911417359003084,0.15929346141955017,-0.14438204406054708,-0.18581788578313851,-0.06547946947450126
around,around,9,-0.3045609568106898,0.24180968486838303,-0.5463706416790728,-0.08689451478731854,-0.050928340994169936
chance,chance,9,-0.06488102685116584,0.004464213174632992,-0.06934524002579884,-0.07819335845060699,-0.09814972127851056
likely,likely,9,-0.23614102093309564,-0.1305378849689984,-0.10560313596409723,-0.08649756314155435,-0.013995333638615
even,even,8,-0.22144278627126074,-0.177527826716328,-0.04391495955493274,-0.0908131829961907,0.036429892852643815
second,second,8,0.06544947272507791,0.3005642302900633,-0.2351147575649854,-0.0833990355708645,-0.17117071682419727
losing,losing,8,0.18080575017904965,0.2649014747428199,-0.08409572456377024,-0.2025156902405289,-0.12168317691341468
some,some,8,-0.31489670343581944,0.05684842252797728,-0.3717451259637967,-0.08550514713920852,0.005909980327998797
also,also,8,-0.2561112444597098,-0.2069976004865837,-0.04911364397312609,-0.08309623130790166,0.08413190541610704
number,number,8,0.08269540840534603,0.12574977175694146,-0.04305436335159543,-0.0053093581915604725,-0.04878119489477018
classmate,classmate,8,0.2510960300460517,0.13934023725274078,0.11175579279331091,0.05290457070429329,-0.0046169159704761015
choose,choose,8,-0.3012510824469455,0.0683136011421693,-0.36956468358911476,-0.11325245521424232,-0.011723199975369285
thought,thought,8,-0.2761448129748163,0.03827074702819201,-0.3144155600030083,-0.09839984941798469,-0.07790168445785368
red,red,8,-0.07932434070844183,0.2931623445260867,-0.37248668523452855,-0.11194957691752222,-0.13839182295795094
usually,usually,8,-0.16550898932358804,-0.19457879041982468,0.029069801096236636,-0.07290146012161394,-0.027488430967130828
failures,failures,8,0.1877770682676907,0.13469293029907953,0.05308413796861117,-0.043670598146879555,-0.009091351564768969
too,too,8,-0.23811845770435255,-0.0315250216253643,-0.20659343607898825,-0.11798202518151854,-0.033338640884684065
above,above,8,-0.31919271188838955,0.06606487450355139,-0.38525758639194096,-0.06681042540885765,0.0050194583255588135
stopped,stopped,8,0.13027761035121285,0.16233057591729624,-0.03205296556608339,-0.08273674523309109,-0.12529007126199496
help,help,7,-0.29350744079740476,0.05673131492834124,-0.35023875572574603,-0.06589609547414665,-0.0009433996352102014
soon,soon,7,0.23632127689670535,-0.012047009387218009,0.24836828628392335,-0.06467261140673125,0.007202944078448164
hit,hit,7,-0.17114879862230628,0.27666111312509634,-0.4478099117474026,-0.1990624781605872,-0.19742594287972495
being,being,7,-0.2826959382095016,0.01778295177136667,-0.3004788899808683,-0.11081846078059736,0.007667934110821294
least,least,7,-0.14838864205836078,0.023320881372116128,-0.1717095234304769,-0.05893637621785696,-0.027933700309678827
immediately,immediately,7,0.14569081149999902,0.07310780403467844,0.07258300746532058,-0.11935550899705424,-0.061686668870957494
middle,middle,7,0.07259520079603402,0.22568209835291042,-0.1530868975568764,-0.017807048275197537,-0.16594933447594548
black,black,7,-0.16375600409878355,0.31467671642985096,-0.4784327205286345,-0.16382427984107334,-0.15226541605736305
very,very,7,-0.2598553849787647,0.004656391991921506,-0.26451177697068623,-0.10871857363149462,-0.0469750090121785
losses,losses,7,0.3563060591037502,0.2116994598539501,0.14460659924980007,-0.05130126181863985,-0.06941750675057537
felt,felt,7,-0.2329277512950183,0.07200700551015163,-0.3049347568051699,-0.14726315446244598,-0.07233411129776536
possible,possible,7,-0.29838585207990875,-0.040004802459742944,-0.25838104962016584,-0.06376683495553671,0.029481461961942287
how,how,7,-0.33789536632907746,-0.11155324354669902,-0.22634212278237845,-0.032401943993043206,0.07031017806473795
always,always,7,-0.1300729425415473,-0.10108166228312086,-0.02899128025842644,-0.11384910081090868,-0.022163372279902595
repeat,repeat,7,0.25729438698897894,0.18660891009840963,0.07068547689056931,0.028732701476308783,-0.10912010146036422
realized,realized,7,0.13339878383657028,0.1193103694664121,0.014088414370158175,0.05995520800100449,-0.07565660559668122
new,new,7,-0.2591872826842434,0.1064786049482678,-0.3656658876325112,-0.14228584949160322,-0.11166943328083392
multiple,multiple,7,-0.2042477842150849,0.2618733145114411,-0.46612109872652596,-0.0926191444232077,-0.1067953718905389
better,better,7,-0.22554267041546763,-0.030710890714931306,-0.19483177970053633,-0.10360984746704006,-0.05272248697891374
mostly,mostly,7,-0.31905534159943855,-0.02867299087094803,-0.2903823507284905,-0.06893595524607064,-0.004329969834285037
ve,ve,6,-0.1630992519259572,0.07235365927665738,-0.23545291120261458,-0.11598808982712581,-0.08416610195384658
selection,selection,6,0.009796949653097888,0.17478106639720148,-0.1649841167441036,0.0765110374165371,-0.02378842295087144
half,half,6,-0.11197711135069392,0.262571409456642,-0.3745485208073359,-0.23809624912469624,-0.16283213537471447
randomly,randomly,6,-0.17806234587932543,0.14969624039609453,-0.32775858627542,-0.16972680265461734,-0.051421500626534
little,little,6,-0.2669830445633227,0.12742494346596472,-0.39440798802928745,-0.05887162700821517,-0.05619220127365197
ones,ones,6,-0.30482930273960873,0.10668812243440953,-0.41151742517401824,-0.1028864329831827,-0.06007104617643003
left,left,6,-0.20383530478784323,0.17845402562633025,-0.38228933041417346,-0.15955676513194295,-0.07165847952196935
value,value,6,-0.24016824279299157,0.11091337293343087,-0.35108161572642244,-0.08250011655504148,-0.06263809353527512
student,student,6,-0.20045932514826362,0.17375162606205913,-0.3742109512103228,-0.16921379030934605,-0.09578596510661391
beginning,beginning,6,0.16068225473718256,0.02355550955439143,0.13712674518279114,0.027730246530209817,-0.06409198149499801
else,else,6,0.2150553227410399,-0.08898221375663638,0.3040375364976763,0.046241840705328885,0.00959197920523695
three,three,6,-0.19684211672572782,0.35122950575340434,-0.5480716224791322,-0.1732010564917502,-0.17406685720200216
till,till,6,-0.1558934859712775,0.15339919111464162,-0.3092926770859191,-0.1423835643643604,-0.03738909653241393
Nope,Nope,6,-0.12233520921842099,-0.013343804643833293,-0.1089914045745877,0.007559360944127971,-0.011579886867402203
specific,specific,6,-0.31540734204278537,-0.08473879497947938,-0.23066854706330597,-0.06451843341457134,0.03404885825652125
off,off,6,-0.1778129459442987,0.22797333658050795,-0.40578628252480664,-0.15001287602548347,-0.13727830378557565
certain,certain,6,-0.2066669659033085,0.03197643918279028,-0.23864340508609877,-0.05988141420960717,0.023185850186482837
while,while,6,-0.17260271024209756,0.00020119052489332365,-0.17280390076699087,-0.11180583928647968,-0.02304458093927956
forth,forth,6,-0.1183007946673607,0.16541520943634963,-0.28371600410371034,-0.04711551705227041,-0.07176603150392746
into,into,6,-0.22497231675487625,0.22084985075715763,-0.44582216751203385,-0.10340199195733805,-0.052557391630988846
could,could,6,-0.23703694204244796,-0.1512041415655015,-0.08583280047694647,-0.09441829629203055,-0.0008316150658905022
might,might,6,-0.26831912869938146,-0.12908818310653924,-0.13923094559284221,-0.08289736317247423,0.011834610803025915
longer,longer,6,-0.0013829331940809573,-0.018340754446457892,0.016957821252376937,-0.14475418425938888,-0.09150643046870238
bit,bit,6,-0.29566282274471384,0.15456662359303866,-0.4502294463377525,-0.11571795342691031,-0.16033909065600957
hot,hot,5,-0.1753711240108412,0.18728277948438915,-0.36265390349523036,-0.15958135321886643,-0.12901565283285338
feel,feel,5,-0.2623545337237758,0.09614870201638565,-0.35850323574016146,-0.0986777723484641,-0.0804117943913501
couple,couple,5,0.0421032953901376,0.3622183049002192,-0.32011500951008165,-0.14819094828561374,-0.2064561409269153
whenever,whenever,5,0.06034389023142586,0.05935152809699465,0.0009923621344312128,-0.08916490908386678,0.00134990355312117
tended,tended,5,-0.09323268284188012,0.03734031987061376,-0.1305730027124939,-0.15856601672551154,-0.014450270534337294
lost,lost,5,-0.131081182093451,0.22713627590413185,-0.35821745799758287,-0.20851296289219262,-0.1253331568335262
came,came,5,-0.3388112303050291,0.06645346627452464,-0.4052646965795537,-0.07747120129604365,-0.04839703394800536
several,several,5,-0.21794750280582656,0.20532556302802535,-0.42327306583385194,-0.10126417648646538,-0.04309807936297759
correct,correct,5,-0.1551877309201009,0.046238476299994835,-0.20142620722009574,0.10865240449006222,0.03707017040171401
based,based,5,-0.33200040897900185,-0.12674984248729573,-0.20525056649170612,-0.040856882712848666,0.06262013311226103
whole,whole,5,-0.1471858506430553,0.21019076974351408,-0.35737662038656937,-0.07022657355350531,-0.1234362570154561
simply,simply,5,-0.3017214860083409,-0.05642793632732637,-0.24529354968101455,-0.1221161611233019,-0.04823013025373063
basically,basically,5,-0.3463767722268871,0.02153802421508932,-0.36791479644197644,-0.11722481261737783,-0.05183486672498367
reliable,reliable,5,-0.20659895567606346,0.14358246710185674,-0.3501814227779202,-0.17435308847248981,-0.12659566319294652
kind,kind,5,-0.33191037869685813,-0.007151241379042135,-0.32475913731781597,-0.13980393865805646,-0.06484597250033779
changing,changing,5,-0.1005969599818051,0.12743426110897943,-0.22803122109078452,-0.04986695443746485,0.002811612611218855
follow,follow,5,-0.2396289523991695,-0.03174266600567814,-0.20788628639349138,-0.05703568312475849,-0.08441010807015581
wait,wait,5,-0.16051107003804538,0.0378345014170127,-0.19834557145505807,-0.09090321119981903,-0.1235479882342331
moving,moving,5,-0.18875620280655925,0.13376003515995724,-0.3225162379665165,-0.1562853316484259,-0.1426838692465292
didnt,didnt,5,-0.25513049569905133,0.05569197851153557,-0.3108224742105869,-0.09466816349935143,-0.04937964921102081
winning,winning,5,0.19767158830154985,0.21150461330697318,-0.013833025005423327,0.047936269870507656,-0.04551533479744295
unless,unless,5,-0.011316334027350893,-0.2724924962725507,0.2611761622451998,-0.09138651936759339,0.05377957749677658
ed,ed,5,-0.2720295328577341,0.1633796488778661,-0.4354091817356002,-0.12678365385586565,-0.11899153543917737
wrong,wrong,5,-0.060715649656421254,0.05807277423371953,-0.11878842389014078,-0.012613258943756298,0.04303173519965586
